,name,disease_flag
0,train_public/Train_0.jpg,0
1,train_public/Train_1.jpg,0
2,train_public/Train_10.jpg,0
3,train_public/Train_100.jpg,0
4,train_public/Train_1000.jpg,0
5,train_public/Train_1001.jpg,0
6,train_public/Train_1002.jpg,1
7,train_public/Train_1003.jpg,0
8,train_public/Train_1004.jpg,1
9,train_public/Train_1005.jpg,0
10,train_public/Train_1006.jpg,0
11,train_public/Train_1007.jpg,0
12,train_public/Train_1008.jpg,0
13,train_public/Train_1009.jpg,1
14,train_public/Train_101.jpg,1
15,train_public/Train_1010.jpg,0
16,train_public/Train_1011.jpg,1
17,train_public/Train_1012.jpg,1
18,train_public/Train_1013.jpg,1
19,train_public/Train_1014.jpg,0
20,train_public/Train_1015.jpg,1
21,train_public/Train_1016.jpg,1
22,train_public/Train_1017.jpg,0
23,train_public/Train_1018.jpg,0
24,train_public/Train_1019.jpg,0
25,train_public/Train_102.jpg,1
26,train_public/Train_1020.jpg,1
27,train_public/Train_1021.jpg,1
28,train_public/Train_1022.jpg,0
29,train_public/Train_1023.jpg,1
30,train_public/Train_1024.jpg,0
31,train_public/Train_1025.jpg,0
32,train_public/Train_1026.jpg,0
33,train_public/Train_1027.jpg,1
34,train_public/Train_1028.jpg,0
35,train_public/Train_1029.jpg,1
36,train_public/Train_103.jpg,1
37,train_public/Train_1030.jpg,1
38,train_public/Train_1031.jpg,1
39,train_public/Train_1032.jpg,0
40,train_public/Train_1033.jpg,1
41,train_public/Train_1034.jpg,0
42,train_public/Train_1035.jpg,1
43,train_public/Train_1036.jpg,1
44,train_public/Train_1037.jpg,0
45,train_public/Train_1038.jpg,0
46,train_public/Train_1039.jpg,0
47,train_public/Train_104.jpg,0
48,train_public/Train_1040.jpg,0
49,train_public/Train_1041.jpg,0
50,train_public/Train_1042.jpg,1
51,train_public/Train_1043.jpg,1
52,train_public/Train_1044.jpg,1
53,train_public/Train_1045.jpg,0
54,train_public/Train_1046.jpg,1
55,train_public/Train_1047.jpg,0
56,train_public/Train_1048.jpg,0
57,train_public/Train_1049.jpg,0
58,train_public/Train_105.jpg,1
59,train_public/Train_1050.jpg,0
60,train_public/Train_1051.jpg,0
61,train_public/Train_1052.jpg,0
62,train_public/Train_1053.jpg,0
63,train_public/Train_1054.jpg,0
64,train_public/Train_1055.jpg,1
65,train_public/Train_1056.jpg,1
66,train_public/Train_1057.jpg,0
67,train_public/Train_1058.jpg,1
68,train_public/Train_1059.jpg,0
69,train_public/Train_106.jpg,0
70,train_public/Train_1060.jpg,1
71,train_public/Train_1061.jpg,0
72,train_public/Train_1062.jpg,0
73,train_public/Train_1063.jpg,0
74,train_public/Train_1064.jpg,1
75,train_public/Train_1065.jpg,1
76,train_public/Train_1066.jpg,0
77,train_public/Train_1067.jpg,0
78,train_public/Train_1068.jpg,1
79,train_public/Train_1069.jpg,0
80,train_public/Train_107.jpg,0
81,train_public/Train_1070.jpg,1
82,train_public/Train_1071.jpg,0
83,train_public/Train_1072.jpg,1
84,train_public/Train_1073.jpg,0
85,train_public/Train_1074.jpg,0
86,train_public/Train_1075.jpg,1
87,train_public/Train_1076.jpg,1
88,train_public/Train_1077.jpg,1
89,train_public/Train_1078.jpg,0
90,train_public/Train_1079.jpg,1
91,train_public/Train_108.jpg,0
92,train_public/Train_1080.jpg,0
93,train_public/Train_1081.jpg,1
94,train_public/Train_1082.jpg,0
95,train_public/Train_1083.jpg,0
96,train_public/Train_1084.jpg,0
97,train_public/Train_1085.jpg,0
98,train_public/Train_1086.jpg,0
99,train_public/Train_1087.jpg,1
100,train_public/Train_1088.jpg,0
101,train_public/Train_1089.jpg,1
102,train_public/Train_109.jpg,0
103,train_public/Train_1090.jpg,1
104,train_public/Train_1091.jpg,0
105,train_public/Train_1092.jpg,0
106,train_public/Train_1093.jpg,0
107,train_public/Train_1094.jpg,1
108,train_public/Train_1095.jpg,0
109,train_public/Train_1096.jpg,1
110,train_public/Train_1097.jpg,0
111,train_public/Train_1098.jpg,1
112,train_public/Train_1099.jpg,1
113,train_public/Train_11.jpg,0
114,train_public/Train_110.jpg,0
115,train_public/Train_1100.jpg,0
116,train_public/Train_1101.jpg,1
117,train_public/Train_1102.jpg,0
118,train_public/Train_1103.jpg,0
119,train_public/Train_1104.jpg,0
120,train_public/Train_1105.jpg,1
121,train_public/Train_1106.jpg,0
122,train_public/Train_1107.jpg,1
123,train_public/Train_1108.jpg,1
124,train_public/Train_1109.jpg,1
125,train_public/Train_111.jpg,0
126,train_public/Train_1110.jpg,0
127,train_public/Train_1111.jpg,0
128,train_public/Train_1112.jpg,0
129,train_public/Train_1113.jpg,0
130,train_public/Train_1114.jpg,1
131,train_public/Train_1115.jpg,0
132,train_public/Train_1116.jpg,0
133,train_public/Train_1117.jpg,1
134,train_public/Train_1118.jpg,0
135,train_public/Train_1119.jpg,0
136,train_public/Train_112.jpg,1
137,train_public/Train_1120.jpg,1
138,train_public/Train_1121.jpg,1
139,train_public/Train_1122.jpg,0
140,train_public/Train_1123.jpg,0
141,train_public/Train_1124.jpg,0
142,train_public/Train_1125.jpg,0
143,train_public/Train_1126.jpg,1
144,train_public/Train_1127.jpg,1
145,train_public/Train_1128.jpg,0
146,train_public/Train_1129.jpg,0
147,train_public/Train_113.jpg,0
148,train_public/Train_1130.jpg,0
149,train_public/Train_1131.jpg,1
150,train_public/Train_1132.jpg,0
151,train_public/Train_1133.jpg,1
152,train_public/Train_1134.jpg,0
153,train_public/Train_1135.jpg,0
154,train_public/Train_1136.jpg,1
155,train_public/Train_1137.jpg,0
156,train_public/Train_1138.jpg,0
157,train_public/Train_1139.jpg,1
158,train_public/Train_114.jpg,1
159,train_public/Train_1140.jpg,1
160,train_public/Train_1141.jpg,0
161,train_public/Train_1142.jpg,1
162,train_public/Train_1143.jpg,0
163,train_public/Train_1144.jpg,0
164,train_public/Train_1145.jpg,0
165,train_public/Train_1146.jpg,0
166,train_public/Train_1147.jpg,1
167,train_public/Train_1148.jpg,1
168,train_public/Train_1149.jpg,0
169,train_public/Train_115.jpg,0
170,train_public/Train_1150.jpg,0
171,train_public/Train_1151.jpg,0
172,train_public/Train_1152.jpg,0
173,train_public/Train_1153.jpg,1
174,train_public/Train_1154.jpg,0
175,train_public/Train_1155.jpg,0
176,train_public/Train_1156.jpg,0
177,train_public/Train_1157.jpg,0
178,train_public/Train_1158.jpg,0
179,train_public/Train_1159.jpg,0
180,train_public/Train_116.jpg,0
181,train_public/Train_1160.jpg,0
182,train_public/Train_1161.jpg,0
183,train_public/Train_1162.jpg,0
184,train_public/Train_1163.jpg,1
185,train_public/Train_1164.jpg,0
186,train_public/Train_1165.jpg,0
187,train_public/Train_1166.jpg,0
188,train_public/Train_1167.jpg,1
189,train_public/Train_1168.jpg,0
190,train_public/Train_1169.jpg,0
191,train_public/Train_117.jpg,0
192,train_public/Train_1170.jpg,0
193,train_public/Train_1171.jpg,0
194,train_public/Train_1172.jpg,0
195,train_public/Train_1173.jpg,0
196,train_public/Train_1174.jpg,1
197,train_public/Train_1175.jpg,0
198,train_public/Train_1176.jpg,0
199,train_public/Train_1177.jpg,1
200,train_public/Train_1178.jpg,0
201,train_public/Train_1179.jpg,1
202,train_public/Train_118.jpg,0
203,train_public/Train_1180.jpg,0
204,train_public/Train_1181.jpg,1
205,train_public/Train_1182.jpg,1
206,train_public/Train_1183.jpg,1
207,train_public/Train_1184.jpg,0
208,train_public/Train_1185.jpg,0
209,train_public/Train_1186.jpg,0
210,train_public/Train_1187.jpg,1
211,train_public/Train_1188.jpg,1
212,train_public/Train_1189.jpg,0
213,train_public/Train_119.jpg,0
214,train_public/Train_1190.jpg,0
215,train_public/Train_1191.jpg,0
216,train_public/Train_1192.jpg,1
217,train_public/Train_1193.jpg,0
218,train_public/Train_1194.jpg,1
219,train_public/Train_1195.jpg,0
220,train_public/Train_1196.jpg,0
221,train_public/Train_1197.jpg,0
222,train_public/Train_1198.jpg,0
223,train_public/Train_1199.jpg,0
224,train_public/Train_12.jpg,0
225,train_public/Train_120.jpg,0
226,train_public/Train_1200.jpg,0
227,train_public/Train_1201.jpg,1
228,train_public/Train_1202.jpg,1
229,train_public/Train_1203.jpg,0
230,train_public/Train_1204.jpg,0
231,train_public/Train_1205.jpg,1
232,train_public/Train_1206.jpg,1
233,train_public/Train_1207.jpg,1
234,train_public/Train_1208.jpg,0
235,train_public/Train_1209.jpg,0
236,train_public/Train_121.jpg,1
237,train_public/Train_1210.jpg,0
238,train_public/Train_1211.jpg,0
239,train_public/Train_1212.jpg,0
240,train_public/Train_1213.jpg,1
241,train_public/Train_1214.jpg,0
242,train_public/Train_1215.jpg,0
243,train_public/Train_1216.jpg,1
244,train_public/Train_1217.jpg,0
245,train_public/Train_1218.jpg,0
246,train_public/Train_1219.jpg,0
247,train_public/Train_122.jpg,0
248,train_public/Train_1220.jpg,1
249,train_public/Train_1221.jpg,0
250,train_public/Train_1222.jpg,0
251,train_public/Train_1223.jpg,0
252,train_public/Train_1224.jpg,0
253,train_public/Train_1225.jpg,1
254,train_public/Train_1226.jpg,1
255,train_public/Train_1227.jpg,1
256,train_public/Train_1228.jpg,0
257,train_public/Train_1229.jpg,0
258,train_public/Train_123.jpg,1
259,train_public/Train_1230.jpg,0
260,train_public/Train_1231.jpg,1
261,train_public/Train_1232.jpg,0
262,train_public/Train_1233.jpg,0
263,train_public/Train_1234.jpg,0
264,train_public/Train_1235.jpg,0
265,train_public/Train_1236.jpg,0
266,train_public/Train_1237.jpg,1
267,train_public/Train_1238.jpg,0
268,train_public/Train_1239.jpg,0
269,train_public/Train_124.jpg,0
270,train_public/Train_1240.jpg,0
271,train_public/Train_1241.jpg,1
272,train_public/Train_1242.jpg,0
273,train_public/Train_1243.jpg,0
274,train_public/Train_1244.jpg,0
275,train_public/Train_1245.jpg,1
276,train_public/Train_1246.jpg,0
277,train_public/Train_1247.jpg,0
278,train_public/Train_1248.jpg,1
279,train_public/Train_1249.jpg,0
280,train_public/Train_125.jpg,0
281,train_public/Train_1250.jpg,1
282,train_public/Train_1251.jpg,1
283,train_public/Train_1252.jpg,0
284,train_public/Train_1253.jpg,0
285,train_public/Train_1254.jpg,0
286,train_public/Train_1255.jpg,1
287,train_public/Train_1256.jpg,1
288,train_public/Train_1257.jpg,0
289,train_public/Train_1258.jpg,1
290,train_public/Train_1259.jpg,0
291,train_public/Train_126.jpg,0
292,train_public/Train_1260.jpg,0
293,train_public/Train_1261.jpg,1
294,train_public/Train_1262.jpg,0
295,train_public/Train_1263.jpg,0
296,train_public/Train_1264.jpg,1
297,train_public/Train_1265.jpg,0
298,train_public/Train_1266.jpg,1
299,train_public/Train_1267.jpg,0
300,train_public/Train_1268.jpg,0
301,train_public/Train_1269.jpg,1
302,train_public/Train_127.jpg,1
303,train_public/Train_1270.jpg,1
304,train_public/Train_1271.jpg,0
305,train_public/Train_1272.jpg,0
306,train_public/Train_1273.jpg,1
307,train_public/Train_1274.jpg,0
308,train_public/Train_1275.jpg,0
309,train_public/Train_1276.jpg,1
310,train_public/Train_1277.jpg,0
311,train_public/Train_1278.jpg,0
312,train_public/Train_1279.jpg,1
313,train_public/Train_128.jpg,0
314,train_public/Train_1280.jpg,1
315,train_public/Train_1281.jpg,0
316,train_public/Train_1282.jpg,0
317,train_public/Train_1283.jpg,1
318,train_public/Train_1284.jpg,1
319,train_public/Train_1285.jpg,1
320,train_public/Train_1286.jpg,1
321,train_public/Train_1287.jpg,0
322,train_public/Train_1288.jpg,0
323,train_public/Train_1289.jpg,0
324,train_public/Train_129.jpg,0
325,train_public/Train_1290.jpg,1
326,train_public/Train_1291.jpg,1
327,train_public/Train_1292.jpg,0
328,train_public/Train_1293.jpg,0
329,train_public/Train_1294.jpg,0
330,train_public/Train_1295.jpg,0
331,train_public/Train_1296.jpg,1
332,train_public/Train_1297.jpg,0
333,train_public/Train_1298.jpg,0
334,train_public/Train_1299.jpg,1
335,train_public/Train_13.jpg,1
336,train_public/Train_130.jpg,0
337,train_public/Train_1300.jpg,0
338,train_public/Train_1301.jpg,0
339,train_public/Train_1302.jpg,0
340,train_public/Train_1303.jpg,0
341,train_public/Train_1304.jpg,0
342,train_public/Train_1305.jpg,0
343,train_public/Train_1306.jpg,1
344,train_public/Train_1307.jpg,0
345,train_public/Train_1308.jpg,1
346,train_public/Train_1309.jpg,0
347,train_public/Train_131.jpg,0
348,train_public/Train_1310.jpg,0
349,train_public/Train_1311.jpg,0
350,train_public/Train_1312.jpg,1
351,train_public/Train_1313.jpg,1
352,train_public/Train_1314.jpg,0
353,train_public/Train_1315.jpg,0
354,train_public/Train_1316.jpg,0
355,train_public/Train_1317.jpg,0
356,train_public/Train_1318.jpg,0
357,train_public/Train_1319.jpg,0
358,train_public/Train_132.jpg,1
359,train_public/Train_1320.jpg,0
360,train_public/Train_1321.jpg,1
361,train_public/Train_1322.jpg,1
362,train_public/Train_1323.jpg,0
363,train_public/Train_1324.jpg,0
364,train_public/Train_1325.jpg,1
365,train_public/Train_1326.jpg,0
366,train_public/Train_1327.jpg,0
367,train_public/Train_1328.jpg,1
368,train_public/Train_1329.jpg,1
369,train_public/Train_133.jpg,0
370,train_public/Train_1330.jpg,1
371,train_public/Train_1331.jpg,0
372,train_public/Train_1332.jpg,0
373,train_public/Train_1333.jpg,1
374,train_public/Train_1334.jpg,1
375,train_public/Train_1335.jpg,0
376,train_public/Train_1336.jpg,0
377,train_public/Train_1337.jpg,1
378,train_public/Train_1338.jpg,1
379,train_public/Train_1339.jpg,0
380,train_public/Train_134.jpg,1
381,train_public/Train_1340.jpg,1
382,train_public/Train_1341.jpg,1
383,train_public/Train_1342.jpg,0
384,train_public/Train_1343.jpg,0
385,train_public/Train_1344.jpg,1
386,train_public/Train_1345.jpg,1
387,train_public/Train_1346.jpg,0
388,train_public/Train_1347.jpg,0
389,train_public/Train_1348.jpg,0
390,train_public/Train_1349.jpg,0
391,train_public/Train_135.jpg,0
392,train_public/Train_1350.jpg,0
393,train_public/Train_1351.jpg,0
394,train_public/Train_1352.jpg,0
395,train_public/Train_1353.jpg,0
396,train_public/Train_1354.jpg,0
397,train_public/Train_1355.jpg,0
398,train_public/Train_1356.jpg,0
399,train_public/Train_1357.jpg,0
400,train_public/Train_1358.jpg,0
401,train_public/Train_1359.jpg,0
402,train_public/Train_136.jpg,1
403,train_public/Train_1360.jpg,0
404,train_public/Train_1361.jpg,1
405,train_public/Train_1362.jpg,1
406,train_public/Train_1363.jpg,0
407,train_public/Train_1364.jpg,0
408,train_public/Train_1365.jpg,1
409,train_public/Train_1366.jpg,0
410,train_public/Train_1367.jpg,0
411,train_public/Train_1368.jpg,1
412,train_public/Train_1369.jpg,0
413,train_public/Train_137.jpg,0
414,train_public/Train_1370.jpg,0
415,train_public/Train_1371.jpg,0
416,train_public/Train_1372.jpg,1
417,train_public/Train_1373.jpg,0
418,train_public/Train_1374.jpg,0
419,train_public/Train_1375.jpg,0
420,train_public/Train_1376.jpg,0
421,train_public/Train_1377.jpg,0
422,train_public/Train_1378.jpg,0
423,train_public/Train_1379.jpg,0
424,train_public/Train_138.jpg,1
425,train_public/Train_1380.jpg,0
426,train_public/Train_1381.jpg,0
427,train_public/Train_1382.jpg,0
428,train_public/Train_1383.jpg,0
429,train_public/Train_1384.jpg,0
430,train_public/Train_1385.jpg,1
431,train_public/Train_1386.jpg,1
432,train_public/Train_1387.jpg,1
433,train_public/Train_1388.jpg,0
434,train_public/Train_139.jpg,0
435,train_public/Train_14.jpg,0
436,train_public/Train_140.jpg,0
437,train_public/Train_141.jpg,0
438,train_public/Train_142.jpg,0
439,train_public/Train_143.jpg,0
440,train_public/Train_144.jpg,0
441,train_public/Train_145.jpg,0
442,train_public/Train_146.jpg,0
443,train_public/Train_147.jpg,0
444,train_public/Train_148.jpg,0
445,train_public/Train_149.jpg,1
446,train_public/Train_15.jpg,0
447,train_public/Train_150.jpg,0
448,train_public/Train_151.jpg,1
449,train_public/Train_152.jpg,0
450,train_public/Train_153.jpg,0
451,train_public/Train_154.jpg,1
452,train_public/Train_155.jpg,0
453,train_public/Train_156.jpg,1
454,train_public/Train_157.jpg,0
455,train_public/Train_158.jpg,0
456,train_public/Train_159.jpg,0
457,train_public/Train_16.jpg,0
458,train_public/Train_160.jpg,0
459,train_public/Train_161.jpg,0
460,train_public/Train_162.jpg,1
461,train_public/Train_163.jpg,0
462,train_public/Train_164.jpg,1
463,train_public/Train_165.jpg,1
464,train_public/Train_166.jpg,0
465,train_public/Train_167.jpg,0
466,train_public/Train_168.jpg,1
467,train_public/Train_169.jpg,1
468,train_public/Train_17.jpg,0
469,train_public/Train_170.jpg,0
470,train_public/Train_171.jpg,0
471,train_public/Train_172.jpg,1
472,train_public/Train_173.jpg,1
473,train_public/Train_174.jpg,0
474,train_public/Train_175.jpg,0
475,train_public/Train_176.jpg,0
476,train_public/Train_177.jpg,0
477,train_public/Train_178.jpg,1
478,train_public/Train_179.jpg,0
479,train_public/Train_18.jpg,0
480,train_public/Train_180.jpg,1
481,train_public/Train_181.jpg,1
482,train_public/Train_182.jpg,0
483,train_public/Train_183.jpg,0
484,train_public/Train_184.jpg,0
485,train_public/Train_185.jpg,0
486,train_public/Train_186.jpg,1
487,train_public/Train_187.jpg,0
488,train_public/Train_188.jpg,1
489,train_public/Train_189.jpg,0
490,train_public/Train_19.jpg,1
491,train_public/Train_190.jpg,0
492,train_public/Train_191.jpg,0
493,train_public/Train_192.jpg,0
494,train_public/Train_193.jpg,0
495,train_public/Train_194.jpg,1
496,train_public/Train_195.jpg,0
497,train_public/Train_196.jpg,0
498,train_public/Train_197.jpg,0
499,train_public/Train_198.jpg,0
500,train_public/Train_199.jpg,1
501,train_public/Train_2.jpg,1
502,train_public/Train_20.jpg,0
503,train_public/Train_200.jpg,0
504,train_public/Train_201.jpg,1
505,train_public/Train_202.jpg,0
506,train_public/Train_203.jpg,0
507,train_public/Train_204.jpg,0
508,train_public/Train_205.jpg,0
509,train_public/Train_206.jpg,1
510,train_public/Train_207.jpg,0
511,train_public/Train_208.jpg,0
512,train_public/Train_209.jpg,0
513,train_public/Train_21.jpg,0
514,train_public/Train_210.jpg,0
515,train_public/Train_211.jpg,1
516,train_public/Train_212.jpg,1
517,train_public/Train_213.jpg,1
518,train_public/Train_214.jpg,0
519,train_public/Train_215.jpg,0
520,train_public/Train_216.jpg,0
521,train_public/Train_217.jpg,0
522,train_public/Train_218.jpg,0
523,train_public/Train_219.jpg,1
524,train_public/Train_22.jpg,0
525,train_public/Train_220.jpg,0
526,train_public/Train_221.jpg,0
527,train_public/Train_222.jpg,0
528,train_public/Train_223.jpg,0
529,train_public/Train_224.jpg,0
530,train_public/Train_225.jpg,1
531,train_public/Train_226.jpg,1
532,train_public/Train_227.jpg,0
533,train_public/Train_228.jpg,0
534,train_public/Train_229.jpg,1
535,train_public/Train_23.jpg,0
536,train_public/Train_230.jpg,0
537,train_public/Train_231.jpg,0
538,train_public/Train_232.jpg,1
539,train_public/Train_233.jpg,1
540,train_public/Train_234.jpg,0
541,train_public/Train_235.jpg,0
542,train_public/Train_236.jpg,0
543,train_public/Train_237.jpg,0
544,train_public/Train_238.jpg,1
545,train_public/Train_239.jpg,0
546,train_public/Train_24.jpg,1
547,train_public/Train_240.jpg,0
548,train_public/Train_241.jpg,1
549,train_public/Train_242.jpg,0
550,train_public/Train_243.jpg,0
551,train_public/Train_244.jpg,1
552,train_public/Train_245.jpg,0
553,train_public/Train_246.jpg,1
554,train_public/Train_247.jpg,1
555,train_public/Train_248.jpg,1
556,train_public/Train_249.jpg,1
557,train_public/Train_25.jpg,0
558,train_public/Train_250.jpg,0
559,train_public/Train_251.jpg,0
560,train_public/Train_252.jpg,1
561,train_public/Train_253.jpg,1
562,train_public/Train_254.jpg,0
563,train_public/Train_255.jpg,1
564,train_public/Train_256.jpg,1
565,train_public/Train_257.jpg,0
566,train_public/Train_258.jpg,0
567,train_public/Train_259.jpg,0
568,train_public/Train_26.jpg,0
569,train_public/Train_260.jpg,0
570,train_public/Train_261.jpg,0
571,train_public/Train_262.jpg,0
572,train_public/Train_263.jpg,0
573,train_public/Train_264.jpg,1
574,train_public/Train_265.jpg,0
575,train_public/Train_266.jpg,0
576,train_public/Train_267.jpg,1
577,train_public/Train_268.jpg,1
578,train_public/Train_269.jpg,0
579,train_public/Train_27.jpg,0
580,train_public/Train_270.jpg,0
581,train_public/Train_271.jpg,1
582,train_public/Train_272.jpg,0
583,train_public/Train_273.jpg,0
584,train_public/Train_274.jpg,1
585,train_public/Train_275.jpg,0
586,train_public/Train_276.jpg,0
587,train_public/Train_277.jpg,1
588,train_public/Train_278.jpg,1
589,train_public/Train_279.jpg,0
590,train_public/Train_28.jpg,0
591,train_public/Train_280.jpg,0
592,train_public/Train_281.jpg,0
593,train_public/Train_282.jpg,0
594,train_public/Train_283.jpg,0
595,train_public/Train_284.jpg,1
596,train_public/Train_285.jpg,0
597,train_public/Train_286.jpg,0
598,train_public/Train_287.jpg,1
599,train_public/Train_288.jpg,0
600,train_public/Train_289.jpg,1
601,train_public/Train_29.jpg,0
602,train_public/Train_290.jpg,0
603,train_public/Train_291.jpg,0
604,train_public/Train_292.jpg,1
605,train_public/Train_293.jpg,0
606,train_public/Train_294.jpg,0
607,train_public/Train_295.jpg,0
608,train_public/Train_296.jpg,0
609,train_public/Train_297.jpg,0
610,train_public/Train_298.jpg,1
611,train_public/Train_299.jpg,0
612,train_public/Train_3.jpg,0
613,train_public/Train_30.jpg,0
614,train_public/Train_300.jpg,0
615,train_public/Train_301.jpg,0
616,train_public/Train_302.jpg,1
617,train_public/Train_303.jpg,0
618,train_public/Train_304.jpg,0
619,train_public/Train_305.jpg,1
620,train_public/Train_306.jpg,0
621,train_public/Train_307.jpg,0
622,train_public/Train_308.jpg,0
623,train_public/Train_309.jpg,0
624,train_public/Train_31.jpg,0
625,train_public/Train_310.jpg,1
626,train_public/Train_311.jpg,1
627,train_public/Train_312.jpg,1
628,train_public/Train_313.jpg,0
629,train_public/Train_314.jpg,0
630,train_public/Train_315.jpg,0
631,train_public/Train_316.jpg,1
632,train_public/Train_317.jpg,0
633,train_public/Train_318.jpg,0
634,train_public/Train_319.jpg,0
635,train_public/Train_32.jpg,0
636,train_public/Train_320.jpg,0
637,train_public/Train_321.jpg,0
638,train_public/Train_322.jpg,0
639,train_public/Train_323.jpg,1
640,train_public/Train_324.jpg,0
641,train_public/Train_325.jpg,1
642,train_public/Train_326.jpg,1
643,train_public/Train_327.jpg,1
644,train_public/Train_328.jpg,0
645,train_public/Train_329.jpg,0
646,train_public/Train_33.jpg,1
647,train_public/Train_330.jpg,0
648,train_public/Train_331.jpg,0
649,train_public/Train_332.jpg,0
650,train_public/Train_333.jpg,1
651,train_public/Train_334.jpg,1
652,train_public/Train_335.jpg,0
653,train_public/Train_336.jpg,0
654,train_public/Train_337.jpg,1
655,train_public/Train_338.jpg,0
656,train_public/Train_339.jpg,0
657,train_public/Train_34.jpg,0
658,train_public/Train_340.jpg,1
659,train_public/Train_341.jpg,0
660,train_public/Train_342.jpg,1
661,train_public/Train_343.jpg,0
662,train_public/Train_344.jpg,0
663,train_public/Train_345.jpg,0
664,train_public/Train_346.jpg,0
665,train_public/Train_347.jpg,0
666,train_public/Train_348.jpg,1
667,train_public/Train_349.jpg,0
668,train_public/Train_35.jpg,1
669,train_public/Train_350.jpg,0
670,train_public/Train_351.jpg,0
671,train_public/Train_352.jpg,1
672,train_public/Train_353.jpg,1
673,train_public/Train_354.jpg,1
674,train_public/Train_355.jpg,0
675,train_public/Train_356.jpg,0
676,train_public/Train_357.jpg,0
677,train_public/Train_358.jpg,0
678,train_public/Train_359.jpg,0
679,train_public/Train_36.jpg,0
680,train_public/Train_360.jpg,1
681,train_public/Train_361.jpg,0
682,train_public/Train_362.jpg,1
683,train_public/Train_363.jpg,1
684,train_public/Train_364.jpg,1
685,train_public/Train_365.jpg,0
686,train_public/Train_366.jpg,0
687,train_public/Train_367.jpg,0
688,train_public/Train_368.jpg,1
689,train_public/Train_369.jpg,0
690,train_public/Train_37.jpg,1
691,train_public/Train_370.jpg,0
692,train_public/Train_371.jpg,0
693,train_public/Train_372.jpg,0
694,train_public/Train_373.jpg,0
695,train_public/Train_374.jpg,1
696,train_public/Train_375.jpg,0
697,train_public/Train_376.jpg,1
698,train_public/Train_377.jpg,0
699,train_public/Train_378.jpg,0
700,train_public/Train_379.jpg,0
701,train_public/Train_38.jpg,0
702,train_public/Train_380.jpg,0
703,train_public/Train_381.jpg,1
704,train_public/Train_382.jpg,0
705,train_public/Train_383.jpg,0
706,train_public/Train_384.jpg,0
707,train_public/Train_385.jpg,1
708,train_public/Train_386.jpg,0
709,train_public/Train_387.jpg,1
710,train_public/Train_388.jpg,0
711,train_public/Train_389.jpg,0
712,train_public/Train_39.jpg,0
713,train_public/Train_390.jpg,1
714,train_public/Train_391.jpg,0
715,train_public/Train_392.jpg,0
716,train_public/Train_393.jpg,0
717,train_public/Train_394.jpg,1
718,train_public/Train_395.jpg,0
719,train_public/Train_396.jpg,1
720,train_public/Train_397.jpg,0
721,train_public/Train_398.jpg,1
722,train_public/Train_399.jpg,0
723,train_public/Train_4.jpg,0
724,train_public/Train_40.jpg,1
725,train_public/Train_400.jpg,0
726,train_public/Train_401.jpg,0
727,train_public/Train_402.jpg,0
728,train_public/Train_403.jpg,0
729,train_public/Train_404.jpg,0
730,train_public/Train_405.jpg,0
731,train_public/Train_406.jpg,1
732,train_public/Train_407.jpg,0
733,train_public/Train_408.jpg,0
734,train_public/Train_409.jpg,1
735,train_public/Train_41.jpg,0
736,train_public/Train_410.jpg,1
737,train_public/Train_411.jpg,1
738,train_public/Train_412.jpg,1
739,train_public/Train_413.jpg,1
740,train_public/Train_414.jpg,0
741,train_public/Train_415.jpg,0
742,train_public/Train_416.jpg,0
743,train_public/Train_417.jpg,1
744,train_public/Train_418.jpg,1
745,train_public/Train_419.jpg,0
746,train_public/Train_42.jpg,0
747,train_public/Train_420.jpg,1
748,train_public/Train_421.jpg,0
749,train_public/Train_422.jpg,1
750,train_public/Train_423.jpg,0
751,train_public/Train_424.jpg,0
752,train_public/Train_425.jpg,0
753,train_public/Train_426.jpg,0
754,train_public/Train_427.jpg,0
755,train_public/Train_428.jpg,0
756,train_public/Train_429.jpg,0
757,train_public/Train_43.jpg,1
758,train_public/Train_430.jpg,1
759,train_public/Train_431.jpg,1
760,train_public/Train_432.jpg,1
761,train_public/Train_433.jpg,0
762,train_public/Train_434.jpg,1
763,train_public/Train_435.jpg,1
764,train_public/Train_436.jpg,0
765,train_public/Train_437.jpg,1
766,train_public/Train_438.jpg,1
767,train_public/Train_439.jpg,0
768,train_public/Train_44.jpg,0
769,train_public/Train_440.jpg,1
770,train_public/Train_441.jpg,1
771,train_public/Train_442.jpg,1
772,train_public/Train_443.jpg,0
773,train_public/Train_444.jpg,0
774,train_public/Train_445.jpg,1
775,train_public/Train_446.jpg,1
776,train_public/Train_447.jpg,0
777,train_public/Train_448.jpg,1
778,train_public/Train_449.jpg,1
779,train_public/Train_45.jpg,0
780,train_public/Train_450.jpg,0
781,train_public/Train_451.jpg,1
782,train_public/Train_452.jpg,1
783,train_public/Train_453.jpg,0
784,train_public/Train_454.jpg,1
785,train_public/Train_455.jpg,1
786,train_public/Train_456.jpg,1
787,train_public/Train_457.jpg,0
788,train_public/Train_458.jpg,1
789,train_public/Train_459.jpg,1
790,train_public/Train_46.jpg,0
791,train_public/Train_460.jpg,0
792,train_public/Train_461.jpg,1
793,train_public/Train_462.jpg,0
794,train_public/Train_463.jpg,1
795,train_public/Train_464.jpg,1
796,train_public/Train_465.jpg,1
797,train_public/Train_466.jpg,1
798,train_public/Train_467.jpg,0
799,train_public/Train_468.jpg,0
800,train_public/Train_469.jpg,0
801,train_public/Train_47.jpg,0
802,train_public/Train_470.jpg,0
803,train_public/Train_471.jpg,1
804,train_public/Train_472.jpg,1
805,train_public/Train_473.jpg,0
806,train_public/Train_474.jpg,0
807,train_public/Train_475.jpg,0
808,train_public/Train_476.jpg,1
809,train_public/Train_477.jpg,0
810,train_public/Train_478.jpg,0
811,train_public/Train_479.jpg,0
812,train_public/Train_48.jpg,1
813,train_public/Train_480.jpg,0
814,train_public/Train_481.jpg,1
815,train_public/Train_482.jpg,1
816,train_public/Train_483.jpg,1
817,train_public/Train_484.jpg,0
818,train_public/Train_485.jpg,1
819,train_public/Train_486.jpg,0
820,train_public/Train_487.jpg,0
821,train_public/Train_488.jpg,0
822,train_public/Train_489.jpg,0
823,train_public/Train_49.jpg,0
824,train_public/Train_490.jpg,1
825,train_public/Train_491.jpg,0
826,train_public/Train_492.jpg,0
827,train_public/Train_493.jpg,1
828,train_public/Train_494.jpg,0
829,train_public/Train_495.jpg,0
830,train_public/Train_496.jpg,0
831,train_public/Train_497.jpg,1
832,train_public/Train_498.jpg,1
833,train_public/Train_499.jpg,0
834,train_public/Train_5.jpg,1
835,train_public/Train_50.jpg,1
836,train_public/Train_500.jpg,1
837,train_public/Train_501.jpg,1
838,train_public/Train_502.jpg,0
839,train_public/Train_503.jpg,0
840,train_public/Train_504.jpg,0
841,train_public/Train_505.jpg,0
842,train_public/Train_506.jpg,1
843,train_public/Train_507.jpg,0
844,train_public/Train_508.jpg,0
845,train_public/Train_509.jpg,0
846,train_public/Train_51.jpg,0
847,train_public/Train_510.jpg,0
848,train_public/Train_511.jpg,0
849,train_public/Train_512.jpg,0
850,train_public/Train_513.jpg,1
851,train_public/Train_514.jpg,1
852,train_public/Train_515.jpg,0
853,train_public/Train_516.jpg,0
854,train_public/Train_517.jpg,1
855,train_public/Train_518.jpg,0
856,train_public/Train_519.jpg,1
857,train_public/Train_52.jpg,1
858,train_public/Train_520.jpg,0
859,train_public/Train_521.jpg,1
860,train_public/Train_522.jpg,1
861,train_public/Train_523.jpg,1
862,train_public/Train_524.jpg,0
863,train_public/Train_525.jpg,0
864,train_public/Train_526.jpg,0
865,train_public/Train_527.jpg,0
866,train_public/Train_528.jpg,1
867,train_public/Train_529.jpg,0
868,train_public/Train_53.jpg,1
869,train_public/Train_530.jpg,0
870,train_public/Train_531.jpg,0
871,train_public/Train_532.jpg,0
872,train_public/Train_533.jpg,0
873,train_public/Train_534.jpg,0
874,train_public/Train_535.jpg,0
875,train_public/Train_536.jpg,0
876,train_public/Train_537.jpg,0
877,train_public/Train_538.jpg,0
878,train_public/Train_539.jpg,1
879,train_public/Train_54.jpg,0
880,train_public/Train_540.jpg,1
881,train_public/Train_541.jpg,1
882,train_public/Train_542.jpg,0
883,train_public/Train_543.jpg,0
884,train_public/Train_544.jpg,0
885,train_public/Train_545.jpg,0
886,train_public/Train_546.jpg,1
887,train_public/Train_547.jpg,1
888,train_public/Train_548.jpg,0
889,train_public/Train_549.jpg,0
890,train_public/Train_55.jpg,0
891,train_public/Train_550.jpg,1
892,train_public/Train_551.jpg,0
893,train_public/Train_552.jpg,0
894,train_public/Train_553.jpg,1
895,train_public/Train_554.jpg,0
896,train_public/Train_555.jpg,0
897,train_public/Train_556.jpg,0
898,train_public/Train_557.jpg,1
899,train_public/Train_558.jpg,1
900,train_public/Train_559.jpg,1
901,train_public/Train_56.jpg,0
902,train_public/Train_560.jpg,1
903,train_public/Train_561.jpg,0
904,train_public/Train_562.jpg,0
905,train_public/Train_563.jpg,1
906,train_public/Train_564.jpg,0
907,train_public/Train_565.jpg,1
908,train_public/Train_566.jpg,0
909,train_public/Train_567.jpg,1
910,train_public/Train_568.jpg,0
911,train_public/Train_569.jpg,0
912,train_public/Train_57.jpg,0
913,train_public/Train_570.jpg,1
914,train_public/Train_571.jpg,1
915,train_public/Train_572.jpg,0
916,train_public/Train_573.jpg,0
917,train_public/Train_574.jpg,1
918,train_public/Train_575.jpg,1
919,train_public/Train_576.jpg,0
920,train_public/Train_577.jpg,0
921,train_public/Train_578.jpg,1
922,train_public/Train_579.jpg,0
923,train_public/Train_58.jpg,1
924,train_public/Train_580.jpg,0
925,train_public/Train_581.jpg,0
926,train_public/Train_582.jpg,1
927,train_public/Train_583.jpg,0
928,train_public/Train_584.jpg,0
929,train_public/Train_585.jpg,0
930,train_public/Train_586.jpg,1
931,train_public/Train_587.jpg,0
932,train_public/Train_588.jpg,1
933,train_public/Train_589.jpg,0
934,train_public/Train_59.jpg,1
935,train_public/Train_590.jpg,0
936,train_public/Train_591.jpg,1
937,train_public/Train_592.jpg,0
938,train_public/Train_593.jpg,1
939,train_public/Train_594.jpg,1
940,train_public/Train_595.jpg,0
941,train_public/Train_596.jpg,0
942,train_public/Train_597.jpg,0
943,train_public/Train_598.jpg,1
944,train_public/Train_599.jpg,1
945,train_public/Train_6.jpg,1
946,train_public/Train_60.jpg,0
947,train_public/Train_600.jpg,0
948,train_public/Train_601.jpg,0
949,train_public/Train_602.jpg,0
950,train_public/Train_603.jpg,0
951,train_public/Train_604.jpg,1
952,train_public/Train_605.jpg,0
953,train_public/Train_606.jpg,0
954,train_public/Train_607.jpg,0
955,train_public/Train_608.jpg,0
956,train_public/Train_609.jpg,0
957,train_public/Train_61.jpg,0
958,train_public/Train_610.jpg,0
959,train_public/Train_611.jpg,1
960,train_public/Train_612.jpg,0
961,train_public/Train_613.jpg,0
962,train_public/Train_614.jpg,0
963,train_public/Train_615.jpg,0
964,train_public/Train_616.jpg,0
965,train_public/Train_617.jpg,0
966,train_public/Train_618.jpg,0
967,train_public/Train_619.jpg,0
968,train_public/Train_62.jpg,1
969,train_public/Train_620.jpg,1
970,train_public/Train_621.jpg,0
971,train_public/Train_622.jpg,1
972,train_public/Train_623.jpg,0
973,train_public/Train_624.jpg,0
974,train_public/Train_625.jpg,0
975,train_public/Train_626.jpg,0
976,train_public/Train_627.jpg,1
977,train_public/Train_628.jpg,0
978,train_public/Train_629.jpg,1
979,train_public/Train_63.jpg,1
980,train_public/Train_630.jpg,0
981,train_public/Train_631.jpg,0
982,train_public/Train_632.jpg,1
983,train_public/Train_633.jpg,0
984,train_public/Train_634.jpg,0
985,train_public/Train_635.jpg,1
986,train_public/Train_636.jpg,0
987,train_public/Train_637.jpg,1
988,train_public/Train_638.jpg,1
989,train_public/Train_639.jpg,0
990,train_public/Train_64.jpg,1
991,train_public/Train_640.jpg,1
992,train_public/Train_641.jpg,0
993,train_public/Train_642.jpg,1
994,train_public/Train_643.jpg,0
995,train_public/Train_644.jpg,0
996,train_public/Train_645.jpg,1
997,train_public/Train_646.jpg,1
998,train_public/Train_647.jpg,1
999,train_public/Train_648.jpg,1
1000,train_public/Train_649.jpg,0
1001,train_public/Train_65.jpg,0
1002,train_public/Train_650.jpg,0
1003,train_public/Train_651.jpg,1
1004,train_public/Train_652.jpg,0
1005,train_public/Train_653.jpg,0
1006,train_public/Train_654.jpg,1
1007,train_public/Train_655.jpg,0
1008,train_public/Train_656.jpg,0
1009,train_public/Train_657.jpg,0
1010,train_public/Train_658.jpg,1
1011,train_public/Train_659.jpg,0
1012,train_public/Train_66.jpg,0
1013,train_public/Train_660.jpg,1
1014,train_public/Train_661.jpg,0
1015,train_public/Train_662.jpg,1
1016,train_public/Train_663.jpg,1
1017,train_public/Train_664.jpg,0
1018,train_public/Train_665.jpg,1
1019,train_public/Train_666.jpg,1
1020,train_public/Train_667.jpg,0
1021,train_public/Train_668.jpg,0
1022,train_public/Train_669.jpg,0
1023,train_public/Train_67.jpg,0
1024,train_public/Train_670.jpg,0
1025,train_public/Train_671.jpg,0
1026,train_public/Train_672.jpg,0
1027,train_public/Train_673.jpg,0
1028,train_public/Train_674.jpg,0
1029,train_public/Train_675.jpg,1
1030,train_public/Train_676.jpg,0
1031,train_public/Train_677.jpg,0
1032,train_public/Train_678.jpg,0
1033,train_public/Train_679.jpg,1
1034,train_public/Train_68.jpg,0
1035,train_public/Train_680.jpg,0
1036,train_public/Train_681.jpg,0
1037,train_public/Train_682.jpg,0
1038,train_public/Train_683.jpg,1
1039,train_public/Train_684.jpg,1
1040,train_public/Train_685.jpg,1
1041,train_public/Train_686.jpg,1
1042,train_public/Train_687.jpg,1
1043,train_public/Train_688.jpg,0
1044,train_public/Train_689.jpg,0
1045,train_public/Train_69.jpg,1
1046,train_public/Train_690.jpg,1
1047,train_public/Train_691.jpg,1
1048,train_public/Train_692.jpg,0
1049,train_public/Train_693.jpg,1
1050,train_public/Train_694.jpg,0
1051,train_public/Train_695.jpg,1
1052,train_public/Train_696.jpg,0
1053,train_public/Train_697.jpg,1
1054,train_public/Train_698.jpg,1
1055,train_public/Train_699.jpg,1
1056,train_public/Train_7.jpg,0
1057,train_public/Train_70.jpg,0
1058,train_public/Train_700.jpg,0
1059,train_public/Train_701.jpg,1
1060,train_public/Train_702.jpg,1
1061,train_public/Train_703.jpg,0
1062,train_public/Train_704.jpg,0
1063,train_public/Train_705.jpg,0
1064,train_public/Train_706.jpg,0
1065,train_public/Train_707.jpg,0
1066,train_public/Train_708.jpg,0
1067,train_public/Train_709.jpg,0
1068,train_public/Train_71.jpg,1
1069,train_public/Train_710.jpg,0
1070,train_public/Train_711.jpg,0
1071,train_public/Train_712.jpg,0
1072,train_public/Train_713.jpg,0
1073,train_public/Train_714.jpg,0
1074,train_public/Train_715.jpg,0
1075,train_public/Train_716.jpg,1
1076,train_public/Train_717.jpg,1
1077,train_public/Train_718.jpg,0
1078,train_public/Train_719.jpg,1
1079,train_public/Train_72.jpg,0
1080,train_public/Train_720.jpg,0
1081,train_public/Train_721.jpg,0
1082,train_public/Train_722.jpg,0
1083,train_public/Train_723.jpg,1
1084,train_public/Train_724.jpg,1
1085,train_public/Train_725.jpg,1
1086,train_public/Train_726.jpg,1
1087,train_public/Train_727.jpg,0
1088,train_public/Train_728.jpg,0
1089,train_public/Train_729.jpg,0
1090,train_public/Train_73.jpg,0
1091,train_public/Train_730.jpg,0
1092,train_public/Train_731.jpg,0
1093,train_public/Train_732.jpg,0
1094,train_public/Train_733.jpg,0
1095,train_public/Train_734.jpg,0
1096,train_public/Train_735.jpg,0
1097,train_public/Train_736.jpg,1
1098,train_public/Train_737.jpg,0
1099,train_public/Train_738.jpg,1
1100,train_public/Train_739.jpg,1
1101,train_public/Train_74.jpg,0
1102,train_public/Train_740.jpg,1
1103,train_public/Train_741.jpg,0
1104,train_public/Train_742.jpg,1
1105,train_public/Train_743.jpg,0
1106,train_public/Train_744.jpg,0
1107,train_public/Train_745.jpg,0
1108,train_public/Train_746.jpg,0
1109,train_public/Train_747.jpg,0
1110,train_public/Train_748.jpg,0
1111,train_public/Train_749.jpg,0
1112,train_public/Train_75.jpg,1
1113,train_public/Train_750.jpg,0
1114,train_public/Train_751.jpg,1
1115,train_public/Train_752.jpg,1
1116,train_public/Train_753.jpg,0
1117,train_public/Train_754.jpg,1
1118,train_public/Train_755.jpg,0
1119,train_public/Train_756.jpg,0
1120,train_public/Train_757.jpg,0
1121,train_public/Train_758.jpg,1
1122,train_public/Train_759.jpg,0
1123,train_public/Train_76.jpg,1
1124,train_public/Train_760.jpg,1
1125,train_public/Train_761.jpg,0
1126,train_public/Train_762.jpg,1
1127,train_public/Train_763.jpg,0
1128,train_public/Train_764.jpg,1
1129,train_public/Train_765.jpg,1
1130,train_public/Train_766.jpg,1
1131,train_public/Train_767.jpg,0
1132,train_public/Train_768.jpg,0
1133,train_public/Train_769.jpg,0
1134,train_public/Train_77.jpg,0
1135,train_public/Train_770.jpg,1
1136,train_public/Train_771.jpg,0
1137,train_public/Train_772.jpg,1
1138,train_public/Train_773.jpg,1
1139,train_public/Train_774.jpg,0
1140,train_public/Train_775.jpg,1
1141,train_public/Train_776.jpg,0
1142,train_public/Train_777.jpg,0
1143,train_public/Train_778.jpg,0
1144,train_public/Train_779.jpg,0
1145,train_public/Train_78.jpg,1
1146,train_public/Train_780.jpg,1
1147,train_public/Train_781.jpg,0
1148,train_public/Train_782.jpg,0
1149,train_public/Train_783.jpg,0
1150,train_public/Train_784.jpg,1
1151,train_public/Train_785.jpg,0
1152,train_public/Train_786.jpg,0
1153,train_public/Train_787.jpg,0
1154,train_public/Train_788.jpg,1
1155,train_public/Train_789.jpg,0
1156,train_public/Train_79.jpg,0
1157,train_public/Train_790.jpg,1
1158,train_public/Train_791.jpg,1
1159,train_public/Train_792.jpg,0
1160,train_public/Train_793.jpg,0
1161,train_public/Train_794.jpg,1
1162,train_public/Train_795.jpg,1
1163,train_public/Train_796.jpg,0
1164,train_public/Train_797.jpg,0
1165,train_public/Train_798.jpg,0
1166,train_public/Train_799.jpg,0
1167,train_public/Train_8.jpg,0
1168,train_public/Train_80.jpg,0
1169,train_public/Train_800.jpg,0
1170,train_public/Train_801.jpg,0
1171,train_public/Train_802.jpg,0
1172,train_public/Train_803.jpg,0
1173,train_public/Train_804.jpg,0
1174,train_public/Train_805.jpg,0
1175,train_public/Train_806.jpg,0
1176,train_public/Train_807.jpg,0
1177,train_public/Train_808.jpg,1
1178,train_public/Train_809.jpg,1
1179,train_public/Train_81.jpg,0
1180,train_public/Train_810.jpg,1
1181,train_public/Train_811.jpg,1
1182,train_public/Train_812.jpg,0
1183,train_public/Train_813.jpg,0
1184,train_public/Train_814.jpg,1
1185,train_public/Train_815.jpg,0
1186,train_public/Train_816.jpg,0
1187,train_public/Train_817.jpg,0
1188,train_public/Train_818.jpg,0
1189,train_public/Train_819.jpg,0
1190,train_public/Train_82.jpg,0
1191,train_public/Train_820.jpg,0
1192,train_public/Train_821.jpg,1
1193,train_public/Train_822.jpg,0
1194,train_public/Train_823.jpg,1
1195,train_public/Train_824.jpg,0
1196,train_public/Train_825.jpg,1
1197,train_public/Train_826.jpg,0
1198,train_public/Train_827.jpg,0
1199,train_public/Train_828.jpg,1
1200,train_public/Train_829.jpg,1
1201,train_public/Train_83.jpg,0
1202,train_public/Train_830.jpg,0
1203,train_public/Train_831.jpg,1
1204,train_public/Train_832.jpg,0
1205,train_public/Train_833.jpg,0
1206,train_public/Train_834.jpg,0
1207,train_public/Train_835.jpg,0
1208,train_public/Train_836.jpg,1
1209,train_public/Train_837.jpg,1
1210,train_public/Train_838.jpg,0
1211,train_public/Train_839.jpg,1
1212,train_public/Train_84.jpg,0
1213,train_public/Train_840.jpg,1
1214,train_public/Train_841.jpg,0
1215,train_public/Train_842.jpg,1
1216,train_public/Train_843.jpg,0
1217,train_public/Train_844.jpg,0
1218,train_public/Train_845.jpg,1
1219,train_public/Train_846.jpg,0
1220,train_public/Train_847.jpg,1
1221,train_public/Train_848.jpg,0
1222,train_public/Train_849.jpg,1
1223,train_public/Train_85.jpg,0
1224,train_public/Train_850.jpg,0
1225,train_public/Train_851.jpg,0
1226,train_public/Train_852.jpg,1
1227,train_public/Train_853.jpg,0
1228,train_public/Train_854.jpg,0
1229,train_public/Train_855.jpg,0
1230,train_public/Train_856.jpg,0
1231,train_public/Train_857.jpg,0
1232,train_public/Train_858.jpg,0
1233,train_public/Train_859.jpg,0
1234,train_public/Train_86.jpg,0
1235,train_public/Train_860.jpg,0
1236,train_public/Train_861.jpg,0
1237,train_public/Train_862.jpg,0
1238,train_public/Train_863.jpg,0
1239,train_public/Train_864.jpg,0
1240,train_public/Train_865.jpg,1
1241,train_public/Train_866.jpg,1
1242,train_public/Train_867.jpg,1
1243,train_public/Train_868.jpg,0
1244,train_public/Train_869.jpg,0
1245,train_public/Train_87.jpg,1
1246,train_public/Train_870.jpg,0
1247,train_public/Train_871.jpg,1
1248,train_public/Train_872.jpg,0
1249,train_public/Train_873.jpg,1
1250,train_public/Train_874.jpg,1
1251,train_public/Train_875.jpg,0
1252,train_public/Train_876.jpg,0
1253,train_public/Train_877.jpg,1
1254,train_public/Train_878.jpg,0
1255,train_public/Train_879.jpg,1
1256,train_public/Train_88.jpg,0
1257,train_public/Train_880.jpg,1
1258,train_public/Train_881.jpg,0
1259,train_public/Train_882.jpg,1
1260,train_public/Train_883.jpg,0
1261,train_public/Train_884.jpg,1
1262,train_public/Train_885.jpg,0
1263,train_public/Train_886.jpg,0
1264,train_public/Train_887.jpg,0
1265,train_public/Train_888.jpg,1
1266,train_public/Train_889.jpg,0
1267,train_public/Train_89.jpg,0
1268,train_public/Train_890.jpg,0
1269,train_public/Train_891.jpg,0
1270,train_public/Train_892.jpg,1
1271,train_public/Train_893.jpg,0
1272,train_public/Train_894.jpg,1
1273,train_public/Train_895.jpg,0
1274,train_public/Train_896.jpg,1
1275,train_public/Train_897.jpg,0
1276,train_public/Train_898.jpg,1
1277,train_public/Train_899.jpg,0
1278,train_public/Train_9.jpg,1
1279,train_public/Train_90.jpg,1
1280,train_public/Train_900.jpg,0
1281,train_public/Train_901.jpg,1
1282,train_public/Train_902.jpg,1
1283,train_public/Train_903.jpg,0
1284,train_public/Train_904.jpg,0
1285,train_public/Train_905.jpg,1
1286,train_public/Train_906.jpg,0
1287,train_public/Train_907.jpg,0
1288,train_public/Train_908.jpg,0
1289,train_public/Train_909.jpg,1
1290,train_public/Train_91.jpg,0
1291,train_public/Train_910.jpg,0
1292,train_public/Train_911.jpg,0
1293,train_public/Train_912.jpg,0
1294,train_public/Train_913.jpg,0
1295,train_public/Train_914.jpg,0
1296,train_public/Train_915.jpg,1
1297,train_public/Train_916.jpg,0
1298,train_public/Train_917.jpg,0
1299,train_public/Train_918.jpg,0
1300,train_public/Train_919.jpg,0
1301,train_public/Train_92.jpg,0
1302,train_public/Train_920.jpg,1
1303,train_public/Train_921.jpg,0
1304,train_public/Train_922.jpg,1
1305,train_public/Train_923.jpg,0
1306,train_public/Train_924.jpg,0
1307,train_public/Train_925.jpg,0
1308,train_public/Train_926.jpg,0
1309,train_public/Train_927.jpg,0
1310,train_public/Train_928.jpg,0
1311,train_public/Train_929.jpg,0
1312,train_public/Train_93.jpg,1
1313,train_public/Train_930.jpg,1
1314,train_public/Train_931.jpg,1
1315,train_public/Train_932.jpg,0
1316,train_public/Train_933.jpg,0
1317,train_public/Train_934.jpg,0
1318,train_public/Train_935.jpg,0
1319,train_public/Train_936.jpg,1
1320,train_public/Train_937.jpg,0
1321,train_public/Train_938.jpg,1
1322,train_public/Train_939.jpg,0
1323,train_public/Train_94.jpg,0
1324,train_public/Train_940.jpg,0
1325,train_public/Train_941.jpg,0
1326,train_public/Train_942.jpg,1
1327,train_public/Train_943.jpg,0
1328,train_public/Train_944.jpg,0
1329,train_public/Train_945.jpg,0
1330,train_public/Train_946.jpg,1
1331,train_public/Train_947.jpg,0
1332,train_public/Train_948.jpg,1
1333,train_public/Train_949.jpg,0
1334,train_public/Train_95.jpg,0
1335,train_public/Train_950.jpg,1
1336,train_public/Train_951.jpg,0
1337,train_public/Train_952.jpg,0
1338,train_public/Train_953.jpg,0
1339,train_public/Train_954.jpg,1
1340,train_public/Train_955.jpg,1
1341,train_public/Train_956.jpg,0
1342,train_public/Train_957.jpg,1
1343,train_public/Train_958.jpg,0
1344,train_public/Train_959.jpg,0
1345,train_public/Train_96.jpg,0
1346,train_public/Train_960.jpg,1
1347,train_public/Train_961.jpg,1
1348,train_public/Train_962.jpg,1
1349,train_public/Train_963.jpg,1
1350,train_public/Train_964.jpg,0
1351,train_public/Train_965.jpg,1
1352,train_public/Train_966.jpg,0
1353,train_public/Train_967.jpg,0
1354,train_public/Train_968.jpg,1
1355,train_public/Train_969.jpg,0
1356,train_public/Train_97.jpg,0
1357,train_public/Train_970.jpg,0
1358,train_public/Train_971.jpg,0
1359,train_public/Train_972.jpg,0
1360,train_public/Train_973.jpg,0
1361,train_public/Train_974.jpg,0
1362,train_public/Train_975.jpg,0
1363,train_public/Train_976.jpg,1
1364,train_public/Train_977.jpg,0
1365,train_public/Train_978.jpg,0
1366,train_public/Train_979.jpg,0
1367,train_public/Train_98.jpg,1
1368,train_public/Train_980.jpg,0
1369,train_public/Train_981.jpg,1
1370,train_public/Train_982.jpg,0
1371,train_public/Train_983.jpg,1
1372,train_public/Train_984.jpg,1
1373,train_public/Train_985.jpg,1
1374,train_public/Train_986.jpg,0
1375,train_public/Train_987.jpg,1
1376,train_public/Train_988.jpg,0
1377,train_public/Train_989.jpg,0
1378,train_public/Train_99.jpg,0
1379,train_public/Train_990.jpg,1
1380,train_public/Train_991.jpg,0
1381,train_public/Train_992.jpg,0
1382,train_public/Train_993.jpg,0
1383,train_public/Train_994.jpg,1
1384,train_public/Train_995.jpg,0
1385,train_public/Train_996.jpg,0
1386,train_public/Train_997.jpg,0
1387,train_public/Train_998.jpg,0
1388,train_public/Train_999.jpg,0
